Bydel nr.,Bydelsnavn,Delbydel nr.,Delbydelsnavn,Grunnkrets nr.,Grunnkretsnavn
1,Gamle Oslo,11,Lodalen,2801,Gamlebyen rode 1
1,Gamle Oslo,11,Lodalen,2802,Gamlebyen rode 2
1,Gamle Oslo,11,Lodalen,2805,Gamlebyen rode 5
1,Gamle Oslo,11,Lodalen,2901,Loenga
1,Gamle Oslo,11,Lodalen,3001,Grønlia
1,Gamle Oslo,11,Lodalen,3501,Kværner
1,Gamle Oslo,11,Lodalen,3513,Ryenberget
1,Gamle Oslo,11,Lodalen,3514,Nygårdskollen
1,Gamle Oslo,11,Lodalen,5701,Øyene
1,Gamle Oslo,12,Grønland,2401,Tøyen rode 1
1,Gamle Oslo,12,Grønland,2501,Grønland rode 1
1,Gamle Oslo,12,Grønland,2502,Grønland rode 2
1,Gamle Oslo,12,Grønland,2503,Grønland rode 3
1,Gamle Oslo,12,Grønland,2504,Grønland rode 4
1,Gamle Oslo,13,Enerhaugen,2505,Grønland rode 5
1,Gamle Oslo,13,Enerhaugen,2506,Grønland rode 6
1,Gamle Oslo,13,Enerhaugen,2601,Kampen rode 1
1,Gamle Oslo,13,Enerhaugen,2605,Kampen rode 5
1,Gamle Oslo,13,Enerhaugen,2803,Gamlebyen rode 3
1,Gamle Oslo,13,Enerhaugen,2804,Gamlebyen rode 4
1,Gamle Oslo,14,Nedre Tøyen,2408,Tøyen rode 8
1,Gamle Oslo,14,Nedre Tøyen,2409,Tøyen rode 9
1,Gamle Oslo,14,Nedre Tøyen,2602,Kampen rode 2
1,Gamle Oslo,14,Nedre Tøyen,2604,Kampen rode 4
1,Gamle Oslo,14,Nedre Tøyen,2606,Kampen rode 6
1,Gamle Oslo,15,Kampen,2603,Kampen rode 3
1,Gamle Oslo,15,Kampen,2607,Kampen rode 7
1,Gamle Oslo,15,Kampen,2608,Kampen rode 8
1,Gamle Oslo,15,Kampen,2609,Kampen rode 9
1,Gamle Oslo,15,Kampen,2610,Kampen rode 10
1,Gamle Oslo,16,Vålerenga,2701,Vålerenga rode 1
1,Gamle Oslo,16,Vålerenga,2702,Vålerenga rode 2
1,Gamle Oslo,16,Vålerenga,2703,Vålerenga rode 3
1,Gamle Oslo,16,Vålerenga,2704,Vålerenga rode 4
1,Gamle Oslo,16,Vålerenga,2705,Vålerenga rode 5
1,Gamle Oslo,16,Vålerenga,2706,Vålerenga rode 6
1,Gamle Oslo,17,Helsfyr,4201,Ensjø
1,Gamle Oslo,17,Helsfyr,4202,Valle
1,Gamle Oslo,17,Helsfyr,4203,Etterstad
1,Gamle Oslo,17,Helsfyr,4204,Helsfyr
1,Gamle Oslo,17,Helsfyr,4210,Brynseng
2,Grünerløkka,21,Grünerløkka vest,207,Sentrum 2 /rode 7
2,Grünerløkka,21,Grünerløkka vest,210,Sentrum 2 /rode 10
2,Grünerløkka,21,Grünerløkka vest,1305,Gamle Aker rode 5
2,Grünerløkka,21,Grünerløkka vest,2301,Grünerløkka rode 1
2,Grünerløkka,21,Grünerløkka vest,2302,Grünerløkka rode 2
2,Grünerløkka,21,Grünerløkka vest,2303,Grünerløkka rode 3
2,Grünerløkka,22,Grünerløkka øst,2304,Grünerløkka rode 4
2,Grünerløkka,22,Grünerløkka øst,2305,Grünerløkka rode 5
2,Grünerløkka,22,Grünerløkka øst,2306,Grünerløkka rode 6
2,Grünerløkka,22,Grünerløkka øst,2311,Grünerløkka rode 11
2,Grünerløkka,22,Grünerløkka øst,2312,Grünerløkka rode 12
2,Grünerløkka,23,Dælenenga,2007,Torshov rode 7
2,Grünerløkka,23,Dælenenga,2008,Torshov rode 8
2,Grünerløkka,23,Dælenenga,2202,Rodeløkka rode 2
2,Grünerløkka,23,Dælenenga,2313,Grünerløkka rode 13
2,Grünerløkka,24,Rodeløkka,2201,Rodeløkka rode 1
2,Grünerløkka,24,Rodeløkka,2203,Rodeløkka rode 3
2,Grünerløkka,24,Rodeløkka,2204,Rodeløkka rode 4
2,Grünerløkka,24,Rodeløkka,2205,Rodeløkka rode 5
2,Grünerløkka,24,Rodeløkka,2206,Rodeløkka rode 6
2,Grünerløkka,24,Rodeløkka,2207,Rodeløkka rode 7
2,Grünerløkka,24,Rodeløkka,2208,Rodeløkka rode 8
2,Grünerløkka,25,Sinsen,2101,Sinsen rode 1
2,Grünerløkka,25,Sinsen,2103,Sinsen rode 3
2,Grünerløkka,25,Sinsen,2104,Sinsen rode 4
2,Grünerløkka,25,Sinsen,2105,Sinsen rode 5
2,Grünerløkka,25,Sinsen,2106,Sinsen rode 6
2,Grünerløkka,25,Sinsen,2107,Sinsen rode 7
2,Grünerløkka,25,Sinsen,2108,Sinsen rode 8
2,Grünerløkka,25,Sinsen,2109,Sinsen rode 9
2,Grünerløkka,25,Sofienberg,2209,Rodeløkka rode 9
2,Grünerløkka,26,Sofienberg,2307,Grünerløkka rode 7
2,Grünerløkka,26,Sofienberg,2308,Grünerløkka rode 8
2,Grünerløkka,26,Sofienberg,2309,Grünerløkka rode 9
2,Grünerløkka,26,Sofienberg,2310,Grünerløkka rode 10
2,Grünerløkka,26,Sofienberg,2402,Tøyen rode 2
2,Grünerløkka,26,Sofienberg,2403,Tøyen rode 3
2,Grünerløkka,26,Sofienberg,2404,Tøyen rode 4
2,Grünerløkka,26,Sofienberg,2405,Tøyen rode 5
2,Grünerløkka,26,Sofienberg,2406,Tøyen rode 6
2,Grünerløkka,26,Sofienberg,2407,Tøyen rode 7
2,Grünerløkka,26,Sofienberg,2410,Tøyen rode 10
2,Grünerløkka,27,Hasle-Løren,4302,Løren
2,Grünerløkka,27,Hasle-Løren,4303,Frydenberg
2,Grünerløkka,27,Hasle-Løren,4304,Søndre Hovin
2,Grünerløkka,27,Hasle-Løren,4305,Lille Tøyen
2,Grünerløkka,27,Hasle-Løren,4306,Nordre Sinsen
3,Sagene,31,Iladalen,1404,Ila rode 4
3,Sagene,31,Iladalen,1405,Ila rode 5
3,Sagene,31,Iladalen,1406,Ila rode 6
3,Sagene,31,Iladalen,2001,Torshov rode 1
3,Sagene,31,Iladalen,2002,Torshov rode 2
3,Sagene,32,Sagene,1601,Sagene rode 1
3,Sagene,32,Sagene,1602,Sagene rode 2
3,Sagene,32,Sagene,1603,Sagene rode 3
3,Sagene,32,Sagene,1604,Sagene rode 4
3,Sagene,32,Sagene,1605,Sagene rode 5
3,Sagene,32,Sagene,1606,Sagene rode 6
3,Sagene,32,Sagene,1607,Sagene rode 7
3,Sagene,33,Bjølsen,1701,Bjølsen rode 1
3,Sagene,33,Bjølsen,1702,Bjølsen rode 2
3,Sagene,33,Bjølsen,1703,Bjølsen rode 3
3,Sagene,33,Bjølsen,1704,Bjølsen rode 4
3,Sagene,33,Bjølsen,1705,Bjølsen rode 5
3,Sagene,33,Bjølsen,1706,Bjølsen rode 6
3,Sagene,33,Bjølsen,1707,Bjølsen rode 7
3,Sagene,33,Bjølsen,1708,Bjølsen rode 8
3,Sagene,34,Sandaker,1801,Sandaker rode 1
3,Sagene,34,Sandaker,1802,Sandaker rode 2
3,Sagene,34,Sandaker,1903,Åsen rode 3
3,Sagene,34,Sandaker,1904,Åsen rode 4
3,Sagene,34,Sandaker,1905,Åsen rode 5
3,Sagene,34,Sandaker,1906,Åsen rode 6
3,Sagene,35,Torshov,1901,Åsen rode 1
3,Sagene,35,Torshov,1902,Åsen rode 2
3,Sagene,35,Torshov,1907,Åsen rode 7
3,Sagene,35,Torshov,1908,Åsen rode 8
3,Sagene,35,Torshov,2003,Torshov rode 3
3,Sagene,35,Torshov,2004,Torshov rode 4
3,Sagene,35,Torshov,2005,Torshov rode 5
3,Sagene,35,Torshov,2006,Torshov rode 6
3,Sagene,35,Torshov,2009,Torshov rode 9
3,Sagene,35,Torshov,2010,Torshov rode 10
3,Sagene,35,Torshov,2011,Torshov rode 11
3,Sagene,35,Torshov,2012,Torshov rode 12
3,Sagene,35,Sinsen,2102,Sinsen rode 2
4,St.Hanshaugen,41,Hammersborg,201,Sentrum 2 /rode 1
4,St.Hanshaugen,41,Hammersborg,202,Sentrum 2 /rode 2
4,St.Hanshaugen,41,Hammersborg,203,Sentrum 2 /rode 3
4,St.Hanshaugen,41,Hammersborg,204,Sentrum 2 /rode 4
4,St.Hanshaugen,41,Hammersborg,205,Sentrum 2 /rode 5
4,St.Hanshaugen,41,Hammersborg,206,Sentrum 2 /rode 6
4,St.Hanshaugen,41,Hammersborg,208,Sentrum 2 /rode 8
4,St.Hanshaugen,41,Hammersborg,209,Sentrum 2 /rode 9
4,St.Hanshaugen,42,Bislett,1201,St.Hanshaugen rode 1
4,St.Hanshaugen,42,Bislett,1202,St.Hanshaugen rode 2
4,St.Hanshaugen,42,Bislett,1203,St.Hanshaugen rode 3
4,St.Hanshaugen,42,Bislett,1204,St.Hanshaugen rode 4
4,St.Hanshaugen,42,Bislett,1205,St.Hanshaugen rode 5
4,St.Hanshaugen,42,Bislett,1206,St.Hanshaugen rode 6
4,St.Hanshaugen,42,Bislett,1207,St.Hanshaugen rode 7
4,St.Hanshaugen,42,Bislett,1208,St.Hanshaugen rode 8
4,St.Hanshaugen,43,Ila,1210,St.Hanshaugen rode 10
4,St.Hanshaugen,43,Ila,1211,St.Hanshaugen rode 11
4,St.Hanshaugen,43,Ila,1301,Gamle Aker rode 1
4,St.Hanshaugen,43,Ila,1302,Gamle Aker rode 2
4,St.Hanshaugen,43,Ila,1303,Gamle Aker rode 3
4,St.Hanshaugen,43,Ila,1304,Gamle Aker rode 4
4,St.Hanshaugen,43,Ila,1401,Ila rode 1
4,St.Hanshaugen,43,Ila,1402,Ila rode 2
4,St.Hanshaugen,43,Ila,1403,Ila rode 3
4,St.Hanshaugen,44,Fagerborg,1101,Fagerborg rode 1
4,St.Hanshaugen,44,Fagerborg,1102,Fagerborg rode 2
4,St.Hanshaugen,44,Fagerborg,1103,Fagerborg rode 3
4,St.Hanshaugen,44,Fagerborg,1104,Fagerborg rode 4
4,St.Hanshaugen,44,Fagerborg,1105,Fagerborg rode 5
4,St.Hanshaugen,44,Fagerborg,1106,Fagerborg rode 6
4,St.Hanshaugen,45,Lindern,1001,Marienlyst
4,St.Hanshaugen,45,Lindern,1209,St.Hanshaugen rode 9
4,St.Hanshaugen,45,Lindern,1501,Lindern rode 1
4,St.Hanshaugen,45,Lindern,1502,Lindern rode 2
4,St.Hanshaugen,45,Lindern,1503,Lindern rode 3
4,St.Hanshaugen,45,Lindern,1504,Lindern rode 4
5,Frogner,51,Bygdøy,5601,Kongsgården
5,Frogner,51,Bygdøy,5602,Grande
5,Frogner,51,Bygdøy,5603,Fredriksborg
5,Frogner,52,Frogner,601,Frogner rode 1
5,Frogner,52,Frogner,602,Frogner rode 2
5,Frogner,52,Frogner,603,Frogner rode 3
5,Frogner,52,Frogner,604,Frogner rode 4
5,Frogner,52,Frogner,605,Frogner rode 5
5,Frogner,52,Frogner,606,Frogner rode 6
5,Frogner,52,Frogner,609,Frogner rode 9
5,Frogner,53,Frognerparken,607,Frogner rode 7
5,Frogner,53,Frognerparken,608,Frogner rode 8
5,Frogner,53,Frognerparken,610,Frogner rode 10
5,Frogner,53,Frognerparken,611,Frogner rode 11
5,Frogner,53,Frognerparken,612,Frogner rode 12
5,Frogner,53,Frognerparken,613,Frogner rode 13
5,Frogner,53,Frognerparken,614,Frogner rode 14
5,Frogner,54,Majorstuen nord,908,Majorstuen rode 8
5,Frogner,54,Majorstuen nord,909,Majorstuen rode 9
5,Frogner,54,Majorstuen nord,910,Majorstuen rode 10
5,Frogner,54,Majorstuen nord,911,Majorstuen rode 11
5,Frogner,55,Majorstuen syd,901,Majorstuen rode 1
5,Frogner,55,Majorstuen syd,902,Majorstuen rode 2
5,Frogner,55,Majorstuen syd,903,Majorstuen rode 3
5,Frogner,55,Majorstuen syd,904,Majorstuen rode 4
5,Frogner,55,Majorstuen syd,905,Majorstuen rode 5
5,Frogner,55,Majorstuen syd,906,Majorstuen rode 6
5,Frogner,55,Majorstuen syd,907,Majorstuen rode 7
5,Frogner,55,Majorstuen syd,912,Majorstuen rode 12
5,Frogner,55,Majorstuen syd,913,Majorstuen rode 13
5,Frogner,56,Homansbyen,308,Sentrum 3 /rode 8
5,Frogner,56,Homansbyen,801,Homansbyen rode 1
5,Frogner,56,Homansbyen,802,Homansbyen rode 2
5,Frogner,56,Homansbyen,803,Homansbyen rode 3
5,Frogner,56,Homansbyen,804,Homansbyen rode 4
5,Frogner,56,Homansbyen,805,Homansbyen rode 5
5,Frogner,56,Homansbyen,806,Homansbyen rode 6
5,Frogner,56,Homansbyen,807,Homansbyen rode 7
5,Frogner,56,Homansbyen,808,Homansbyen rode 8
5,Frogner,56,Homansbyen,809,Homansbyen rode 9
5,Frogner,57,Uranienborg,503,Skillebekk rode 3
5,Frogner,57,Uranienborg,701,Uranienborg rode 1
5,Frogner,57,Uranienborg,702,Uranienborg rode 2
5,Frogner,57,Uranienborg,703,Uranienborg rode 3
5,Frogner,57,Uranienborg,704,Uranienborg rode 4
5,Frogner,57,Uranienborg,705,Uranienborg rode 5
5,Frogner,57,Uranienborg,706,Uranienborg rode 6
5,Frogner,57,Uranienborg,707,Uranienborg rode 7
5,Frogner,57,Uranienborg,708,Uranienborg rode 8
5,Frogner,57,Uranienborg,709,Uranienborg rode 9
5,Frogner,57,Uranienborg,710,Uranienborg rode 10
5,Frogner,58,Skillebekk,301,Sentrum 3 /rode 1
5,Frogner,58,Skillebekk,302,Sentrum 3 /rode 2
5,Frogner,58,Skillebekk,303,Sentrum 3 /rode 3
5,Frogner,58,Skillebekk,304,Sentrum 3 /rode 4
5,Frogner,58,Skillebekk,401,Filipstad
5,Frogner,58,Skillebekk,501,Skillebekk rode 1
5,Frogner,58,Skillebekk,502,Skillebekk rode 2
5,Frogner,58,Skillebekk,504,Skillebekk rode 4
6,Ullern,61,Ullernåsen,5206,Rolighet
6,Ullern,61,Ullernåsen,5207,Ullerntoppen
6,Ullern,61,Ullernåsen,5208,Ullernåsen
6,Ullern,61,Ullernåsen,5210,Åsjordet
6,Ullern,61,Ullernåsen,5301,Lysehagan
6,Ullern,62,Lilleaker,5302,Øraker
6,Ullern,62,Lilleaker,5303,Lysaker
6,Ullern,62,Lilleaker,5405,Bestum
6,Ullern,63,Ullern,5401,Bjørnsletta
6,Ullern,63,Ullern,5402,Furulund
6,Ullern,63,Ullern,5403,Sollerud
6,Ullern,63,Ullern,5406,Vækerø
6,Ullern,64,Montebello-Hoff,4803,Husebybakken
6,Ullern,64,Montebello-Hoff,4804,Montebello
6,Ullern,64,Montebello-Hoff,4805,Smestaddammen
6,Ullern,64,Montebello-Hoff,4806,Abbedikollen
6,Ullern,64,Montebello-Hoff,5404,Hoff
6,Ullern,65,Skøyen,4703,Smestad
6,Ullern,65,Skøyen,4706,Nordre Skøyen
6,Ullern,65,Skøyen,5501,Amalienborg
6,Ullern,65,Skøyen,5502,Madserud
6,Ullern,65,Skøyen,5503,Søndre Skøyen
6,Ullern,65,Skøyen,5504,Sjølyst
7,Vestre Aker,71,Røa,5006,Bogstad
7,Vestre Aker,71,Røa,5201,Voksen
7,Vestre Aker,71,Røa,5202,Sørsletta
7,Vestre Aker,71,Røa,5203,Røahagan
7,Vestre Aker,71,Røa,5204,Røa
7,Vestre Aker,71,Røa,5205,Mosekollen
7,Vestre Aker,71,Røa,5209,Myrhaugen
7,Vestre Aker,72,Holmenkollen,5001,Lillevann
7,Vestre Aker,72,Holmenkollen,5002,Østre Liaskogen
7,Vestre Aker,72,Holmenkollen,5003,Besserud
7,Vestre Aker,72,Holmenkollen,5004,Voksenåsen
7,Vestre Aker,72,Holmenkollen,5005,Vestre Liaskogen
7,Vestre Aker,72,Holmenkollen,5007,Skogen
7,Vestre Aker,72,Holmenkollen,5008,Grindbakken
7,Vestre Aker,73,Hovseter,4801,Persbråten
7,Vestre Aker,73,Hovseter,4802,Husebyskogen
7,Vestre Aker,73,Hovseter,4901,Hovseter
7,Vestre Aker,73,Hovseter,4902,Holmensletta
7,Vestre Aker,73,Hovseter,4910,Hamborg
7,Vestre Aker,73,Hovseter,4911,Jarbakken
7,Vestre Aker,73,Hovseter,4912,Arnebråten
7,Vestre Aker,74,Holmen,4903,Vestre Holmen
7,Vestre Aker,74,Holmen,4906,Løkkaskogen
7,Vestre Aker,74,Holmen,4907,Lybekk
7,Vestre Aker,74,Holmen,4908,Gressbanen
7,Vestre Aker,74,Holmen,4909,Holmenbekken
7,Vestre Aker,75,Slemdal,4601,Vettakollen
7,Vestre Aker,75,Slemdal,4602,Slemdal
7,Vestre Aker,75,Slemdal,4611,Gråkammen
7,Vestre Aker,75,Slemdal,4905,Svenstua
7,Vestre Aker,76,Grimelund,4603,Risbakken
7,Vestre Aker,76,Grimelund,4705,Grimelund
7,Vestre Aker,76,Grimelund,4904,Østre Holmen
7,Vestre Aker,77,Vinderen,4604,Vindern
7,Vestre Aker,77,Vinderen,4701,Frøen
7,Vestre Aker,77,Vinderen,4702,Heggeli
7,Vestre Aker,77,Vinderen,4704,Volvat
8,Nordre Aker,81,Disen,4117,Ymers vei
8,Nordre Aker,81,Disen,4407,Disen
8,Nordre Aker,81,Disen,4408,Lofthus
8,Nordre Aker,81,Disen,4412,Nordre Åsen
8,Nordre Aker,81,Disen,4416,Akebakkeskogen
8,Nordre Aker,82,Myrer,4409,Myrer
8,Nordre Aker,82,Myrer,4410,Rønningen
8,Nordre Aker,82,Myrer,4417,Grefsenlia
8,Nordre Aker,82,Myrer,4418,Myrerskog
8,Nordre Aker,83,Grefsen,4403,Grefsenplatået
8,Nordre Aker,83,Grefsen,4405,Lillo terrasse
8,Nordre Aker,83,Grefsen,4406,Grefsen
8,Nordre Aker,83,Grefsen,4414,Nordre Grefsen
8,Nordre Aker,83,Grefsen,4415,Storo
8,Nordre Aker,84,Kjelsås,4401,Frysjå
8,Nordre Aker,84,Kjelsås,4402,Kjelsås
8,Nordre Aker,84,Kjelsås,4411,Brekke
8,Nordre Aker,84,Kjelsås,4413,Brekkestranda
8,Nordre Aker,85,Korsvoll,4501,Kringsjå
8,Nordre Aker,85,Korsvoll,4502,Langmyr
8,Nordre Aker,85,Korsvoll,4509,Korsvoll
8,Nordre Aker,86,Tåsen,4404,Nydalen
8,Nordre Aker,86,Tåsen,4507,Nygård
8,Nordre Aker,86,Tåsen,4508,Havnajordet
8,Nordre Aker,86,Tåsen,4513,Bakke
8,Nordre Aker,87,Nordberg,4503,Sogn
8,Nordre Aker,87,Nordberg,4504,Nordberg
8,Nordre Aker,87,Nordberg,4511,Ullevål stadion
8,Nordre Aker,87,Nordberg,4512,Tåsen
8,Nordre Aker,87,Nordberg,4607,Solvang
8,Nordre Aker,87,Nordberg,4608,Sognsvann
8,Nordre Aker,87,Nordberg,4609,Gaustad
8,Nordre Aker,87,Nordberg,4610,Vestre Solvang
8,Nordre Aker,88,Ullevål hageby,1709,Bjølsen rode 9
8,Nordre Aker,88,Ullevål hageby,4505,Ullevål Hageby
8,Nordre Aker,88,Ullevål hageby,4506,Berg
8,Nordre Aker,88,Ullevål hageby,4510,Nordre Ullevål
8,Nordre Aker,88,Ullevål hageby,4605,Blindern
8,Nordre Aker,88,Ullevål hageby,4606,Vestgrenda
9,Bjerke,91,Veitvet,4112,Veitvet
9,Bjerke,91,Veitvet,4113,Sletteløkka
9,Bjerke,91,Veitvet,4120,Veitvet vest
9,Bjerke,91,Veitvet,4121,Veitvet senter
9,Bjerke,91,Veitvet,4122,Bredtvet
9,Bjerke,92,Linderud,4109,Borrebekken
9,Bjerke,92,Linderud,4110,Vollebekk
9,Bjerke,92,Linderud,4111,Linderud
9,Bjerke,92,Linderud,4119,Nedre Linderud
9,Bjerke,93,Økern,4105,Bjerkebanen
9,Bjerke,93,Økern,4106,Refstad
9,Bjerke,93,Økern,4107,Økern
9,Bjerke,93,Økern,4108,Risløkka
9,Bjerke,93,Økern,4115,Brobekk
9,Bjerke,93,Økern,4209,Nordre Hovin
9,Bjerke,93,Økern,4301,Aker sykehus
9,Bjerke,93,Økern,4307,Økern senter
9,Bjerke,94,Årvoll,4101,Øvre Disen
9,Bjerke,94,Årvoll,4102,Tonsen
9,Bjerke,94,Årvoll,4103,Tonsenhagen
9,Bjerke,94,Årvoll,4104,Årvoll
9,Bjerke,94,Årvoll,4116,Kolsåslia
9,Bjerke,94,Årvoll,4118,Sandbakken
10,Grorud,101,Ammerud,4002,Ammerudskogen
10,Grorud,101,Ammerud,4003,Ammerud
10,Grorud,101,Ammerud,4015,Ammerudgrenda
10,Grorud,101,Ammerud,4016,Ammerudkollen
10,Grorud,102,Rødtvet,4001,Rødtvet
10,Grorud,102,Rødtvet,4014,Apalløkka
10,Grorud,102,Rødtvet,4114,Sandås
10,Grorud,103,Nordtvet,4004,Øvre Kaldbakken
10,Grorud,103,Nordtvet,4005,Nedre Kaldbakken
10,Grorud,103,Nordtvet,4006,Flaen
10,Grorud,103,Nordtvet,4017,Nordtvet
10,Grorud,103,Nordtvet,4018,Grønlund
10,Grorud,104,Grorud,4007,Nedre Grorud
10,Grorud,104,Grorud,4009,Øvre Grorud
10,Grorud,104,Grorud,4011,Vestre Rommen
10,Grorud,105,Romsås,3901,Østre Romsås
10,Grorud,105,Romsås,3905,Bånkall
10,Grorud,105,Romsås,4010,Vestre Romsås
10,Grorud,105,Romsås,4012,Bjøråsen
10,Grorud,105,Romsås,4013,Svarttjern
11,Stovner,111,Vestli,3902,Øvre Rommen
11,Stovner,111,Vestli,3904,Vestli
11,Stovner,111,Vestli,3916,Vestlidalen
11,Stovner,111,Vestli,3918,Øvre Fossum
11,Stovner,111,Vestli,3919,Vestliberget
11,Stovner,111,Vestli,3920,Vestliskogen
11,Stovner,112,Fossum,3903,Tokerud
11,Stovner,112,Fossum,3917,Stovner senter
11,Stovner,113,Rommen,3906,Nedre Fossum
11,Stovner,113,Rommen,3921,Forsheimer
11,Stovner,113,Rommen,4008,Nedre Rommen
11,Stovner,114,Smedstua,3907,Stig
11,Stovner,114,Smedstua,3914,Smedstua
11,Stovner,115,Stovner,3908,Stovnerskogen
11,Stovner,115,Stovner,3909,Øvre Stovner
11,Stovner,115,Stovner,3915,Tangerud
11,Stovner,115,Stovner,3922,Stasjonsfjellet
11,Stovner,115,Stovner,3923,Stigenga
11,Stovner,116,Høybråten,3820,Bjørkheim
11,Stovner,116,Høybråten,3910,Vestre Høybråten
11,Stovner,116,Høybråten,3911,Karihaugen
11,Stovner,116,Høybråten,3912,Lundås
11,Stovner,116,Høybråten,3913,Østre Høybråten
12,Alna,121,Furuset,3801,Nyland
12,Alna,121,Furuset,3805,Nordre Lindberg
12,Alna,121,Furuset,3806,Nordre Furuset
12,Alna,121,Furuset,3807,Søndre Furuset
12,Alna,121,Furuset,3809,Gransdalen
12,Alna,121,Furuset,3810,Sletten
12,Alna,121,Furuset,3814,Furuset stadion
12,Alna,121,Furuset,3815,Haugen
12,Alna,121,Furuset,3818,Gran
12,Alna,121,Furuset,3819,Vestre Furuset
12,Alna,122,Ellingsrud,3808,Sørliløkka
12,Alna,122,Ellingsrud,3811,Bakås
12,Alna,122,Ellingsrud,3812,Ellingsrud
12,Alna,122,Ellingsrud,3813,Ellingsrudåsen
12,Alna,122,Ellingsrud,3821,Skansen
12,Alna,123,Lindeberg,3802,Lindberglia
12,Alna,123,Lindeberg,3803,Søndre Lindberg
12,Alna,123,Lindeberg,3804,Lindebergåsen
12,Alna,123,Lindeberg,3816,Kløftehagen
12,Alna,123,Lindeberg,3817,Skjønnhaug
12,Alna,124,Trosterud,3701,Alfaset
12,Alna,124,Trosterud,3702,Trosterud
12,Alna,124,Trosterud,3705,Haugerud
12,Alna,124,Trosterud,3710,Lutvann
12,Alna,124,Trosterud,3712,Stubberud
12,Alna,124,Trosterud,3713,Trosterudlia
12,Alna,124,Trosterud,3714,Østre Trosterud
12,Alna,124,Trosterud,3715,Haukåsen
12,Alna,124,Trosterud,3716,Solfjellet
12,Alna,125,Haugerudtoppen,3708,Hellerud
12,Alna,125,Haugerudtoppen,3717,Larsbråten
12,Alna,125,Haugerudtoppen,3718,Trolldalen
12,Alna,126,Tveita,3703,Tveita
12,Alna,126,Tveita,3704,Karlstuen
12,Alna,126,Tveita,3719,Smalvoll
12,Alna,126,Tveita,3720,Lohøgda
12,Alna,126,Tveita,3721,Tveita senter
12,Alna,126,Tveita,4207,Alnabru
12,Alna,127,Teisen,3616,Bryn
12,Alna,127,Teisen,4205,Teisen
12,Alna,127,Teisen,4206,Søndre Fjellhus
12,Alna,127,Teisen,4208,Nordre Fjellhus
13,Østensjø,131,Manglerud,3507,Søndre Manglerud
13,Østensjø,131,Manglerud,3508,Vestre Manglerud
13,Østensjø,131,Manglerud,3510,Søndre Ryen
13,Østensjø,131,Manglerud,3512,Svartdal
13,Østensjø,131,Manglerud,3601,Fagerlia
13,Østensjø,131,Manglerud,3602,Nordre Manglerud
13,Østensjø,131,Manglerud,3603,Østre Manglerud
13,Østensjø,131,Manglerud,3604,Rognerud
13,Østensjø,132,Godlia,3605,Brynslia
13,Østensjø,132,Godlia,3606,Høyenhall
13,Østensjø,132,Godlia,3607,Oppsal
13,Østensjø,132,Godlia,3612,Godlia
13,Østensjø,132,Godlia,3613,Skøyenåsen
13,Østensjø,132,Godlia,3617,Ulsrud
13,Østensjø,132,Godlia,3706,Stordam
13,Østensjø,133,Oppsal,3608,Eftasåsen
13,Østensjø,133,Oppsal,3614,Oppsaltoppen
13,Østensjø,133,Oppsal,3615,Vestre Trasop
13,Østensjø,133,Oppsal,3618,Søndre Trasop
13,Østensjø,133,Oppsal,3707,Nordre Trasop
13,Østensjø,133,Oppsal,3709,Tørtberg
13,Østensjø,133,Oppsal,3711,Østre Trasop
13,Østensjø,134,Bøler,3414,Bølerlia
13,Østensjø,134,Bøler,3415,Haraløkka
13,Østensjø,134,Bøler,3609,Krinskollen
13,Østensjø,134,Bøler,3610,Bølersletta
13,Østensjø,134,Bøler,3611,Tveteråsen
13,Østensjø,135,Skullerud,3410,Skullerud
13,Østensjø,135,Skullerud,3411,Rustad
13,Østensjø,135,Skullerud,3413,Bogerud
13,Østensjø,135,Skullerud,3417,Stallerud
13,Østensjø,136,Abildsø,3404,Lille Langerud
13,Østensjø,136,Abildsø,3412,Løvsetdalen
13,Østensjø,136,Abildsø,3506,Abildsø
13,Østensjø,136,Abildsø,3511,Høgda
14,Nordstrand,141,Ljan,3102,Midtåsen
14,Nordstrand,141,Ljan,3201,Ljan
14,Nordstrand,141,Ljan,3202,Øvre Ljanskollen
14,Nordstrand,142,Nordstrand,3011,Kastellet
14,Nordstrand,142,Nordstrand,3012,Seterhøgda
14,Nordstrand,142,Nordstrand,3101,Nedre Nordstrand
14,Nordstrand,142,Nordstrand,3105,Bråten
14,Nordstrand,142,Nordstrand,3106,Nordseter
14,Nordstrand,142,Nordstrand,3401,Hellinga
14,Nordstrand,143,Bekkelaget,3002,Sjursøya
14,Nordstrand,143,Bekkelaget,3003,Ekeberg
14,Nordstrand,143,Bekkelaget,3004,Ormsund
14,Nordstrand,143,Bekkelaget,3005,Nedre Bekkelaget
14,Nordstrand,143,Bekkelaget,3006,Ulvøya
14,Nordstrand,143,Bekkelaget,3007,Sørli
14,Nordstrand,143,Bekkelaget,3008,Bekkelagshøgda
14,Nordstrand,143,Bekkelaget,3009,Holtet
14,Nordstrand,143,Bekkelaget,3010,Brannfjell
14,Nordstrand,144,Simensbråten,3502,Lille Ekeberg
14,Nordstrand,144,Simensbråten,3503,Simensbråten
14,Nordstrand,144,Simensbråten,3504,Brattlikollen
14,Nordstrand,144,Simensbråten,3505,Østerli
14,Nordstrand,144,Simensbråten,3509,Ryen
14,Nordstrand,145,Lambertseter,3402,Lambertseter sentrum
14,Nordstrand,145,Lambertseter,3403,Marmorberget
14,Nordstrand,145,Lambertseter,3405,Nylænde
14,Nordstrand,145,Lambertseter,3406,Karlsrud
14,Nordstrand,145,Lambertseter,3408,Blåfjellet
14,Nordstrand,145,Lambertseter,3409,Bergkrystallen
14,Nordstrand,145,Lambertseter,3416,Munkelia nord
14,Nordstrand,146,Munkerud,3103,Ljabru
14,Nordstrand,146,Munkerud,3104,Nordstrandshøgda
14,Nordstrand,146,Munkerud,3107,Søndre Hellerud
14,Nordstrand,146,Munkerud,3306,Munkerud
14,Nordstrand,146,Munkerud,3407,Munkelia sør
15,Søndre Nordstrand,151,Holmlia Syd,3204,Holmlia senter
15,Søndre Nordstrand,151,Holmlia Syd,3205,Holmlia
15,Søndre Nordstrand,151,Holmlia Syd,3207,Asperud
15,Søndre Nordstrand,151,Holmlia Syd,3211,Åsbråten
15,Søndre Nordstrand,151,Holmlia Syd,3214,Rosenholm
15,Søndre Nordstrand,152,Holmlia Nord,3203,Skovbakken
15,Søndre Nordstrand,152,Holmlia Nord,3209,Ravnåsen
15,Søndre Nordstrand,152,Holmlia Nord,3210,Nordre Ås
15,Søndre Nordstrand,152,Holmlia Nord,3212,Hvervenbukta
15,Søndre Nordstrand,152,Holmlia Nord,3213,Sloreåsen
15,Søndre Nordstrand,153,Prinsdal,3206,Nedre Prinsdal
15,Søndre Nordstrand,153,Prinsdal,3208,Hauketo
15,Søndre Nordstrand,153,Prinsdal,3215,Øvre Prinsdal
15,Søndre Nordstrand,153,Prinsdal,3308,Grønliåsen
15,Søndre Nordstrand,154,Bjørnerud,3301,Bjørnerud
15,Søndre Nordstrand,154,Bjørnerud,3314,Tangen
15,Søndre Nordstrand,154,Bjørnerud,3317,Rudshøgda
15,Søndre Nordstrand,155,Mortensrud,3304,Brenna
15,Søndre Nordstrand,155,Mortensrud,3305,Dal
15,Søndre Nordstrand,155,Mortensrud,3307,Mortensrud
15,Søndre Nordstrand,155,Mortensrud,3313,Lofsrud
15,Søndre Nordstrand,155,Mortensrud,3315,Steinbråten
15,Søndre Nordstrand,156,Bjørndal,3302,Sværsvann
15,Søndre Nordstrand,156,Bjørndal,3303,Godheim
15,Søndre Nordstrand,156,Bjørndal,3309,Bjørnåsen
15,Søndre Nordstrand,156,Bjørndal,3310,Meklenborg
15,Søndre Nordstrand,156,Bjørndal,3311,Gjersrud
15,Søndre Nordstrand,156,Bjørndal,3312,Stensrudåsen
15,Søndre Nordstrand,156,Bjørndal,3316,Brunåsen
15,Søndre Nordstrand,156,Bjørndal,3318,Gjerdsrudhøgda
16,Sentrum,161,Sentrum,101,Sentrum 1 /rode 1
16,Sentrum,161,Sentrum,102,Sentrum 1 /rode 2
16,Sentrum,161,Sentrum,103,Sentrum 1 /rode 3
16,Sentrum,161,Sentrum,104,Sentrum 1 /rode 4
16,Sentrum,161,Sentrum,105,Sentrum 1 /rode 5
16,Sentrum,161,Sentrum,211,Sentrum 2 /rode 11
16,Sentrum,161,Sentrum,305,Sentrum 3 /rode 5
16,Sentrum,161,Sentrum,306,Sentrum 3 /rode 6
16,Sentrum,161,Sentrum,307,Sentrum 3 /rode 7
16,Sentrum,161,Sentrum,309,Sentrum 3 /rode 9
16,Sentrum,161,Sentrum,310,Sentrum 3 /rode 10
17,Marka,171,Marka,5101,Venner
17,Marka,171,Marka,5102,Lyse
17,Marka,171,Marka,5103,Sørkedalen øst
17,Marka,171,Marka,5801,Nordre Østmarka
17,Marka,171,Marka,5802,Østmarksetra
17,Marka,171,Marka,5803,Mariholtet
17,Marka,171,Marka,5804,Rustadsaga
17,Marka,171,Marka,5805,Søndre Østmarka
17,Marka,171,Marka,5901,Solemskogen
17,Marka,171,Marka,5902,Alnsjøen
17,Marka,171,Marka,6001,Tryvann
17,Marka,171,Marka,6002,Maridalen
17,Marka,171,Marka,6003,Skjennungen
17,Marka,171,Marka,6004,Kobberhaugene
17,Marka,171,Marka,6005,Nordre Nordmarka
17,Marka,171,Marka,6006,Kikut
17,Marka,171,Marka,6007,Movatn
99,Uoppgitt,999,Ukjent/UFB,9999,Uoppgitt